Date,Close,Volume,Open,High,Low
9/9/2026,315.34,65639960,315.49,319.15,309.90
9/8/2026,316.22,35477090,317.10,320.70,314.90
9/4/2026,319.97,39606880,328.31,328.93,317.86
9/3/2026,328.21,37225840,324.87,330.81,324.11
9/2/2026,324.96,33776370,326.87,328.40,323.53
9/1/2026,325.13,53167390,316.98,327.30,314.73
8/31/2026,316.85,41242720,319.60,321.24,312.80
8/28/2026,319.70,38649400,316.85,322.37,315.45
8/27/2026,314.58,32419230,310.55,315.40,309.40
8/26/2026,313.45,34024490,310.30,315.43,308.80
8/25/2026,309.90,25869810,310.79,313.59,308.21
8/24/2026,310.34,34673580,311.47,313.36,309.97
8/21/2026,309.35,46876820,312.05,312.38,307.01
8/20/2026,311.30,40959180,317.46,320.28,310.65
8/19/2026,316.83,50505650,310.14,319.28,309.60
8/18/2026,310.03,53424540,307.58,311.49,305.74
8/17/2026,305.59,38169260,306.21,307.66,302.94
8/14/2026,305.93,28229380,306.00,307.49,304.30
8/13/2026,305.26,40349290,304.21,306.00,302.05
8/12/2026,302.25,41657770,305.10,305.66,300.57
8/11/2026,304.91,37476750,307.75,309.97,302.79
8/10/2026,308.26,44812500,306.83,308.26,304.61
8/7/2026,313.33,34437190,311.45,314.81,310.74
8/6/2026,312.41,46139900,314.34,316.29,309.23
8/5/2026,311.00,49438760,309.36,311.71,305.67
8/4/2026,309.38,68000970,302.73,310.42,301.32
8/3/2026,303.42,75051950,309.58,311.80,302.56
7/31/2026,308.91,132489100,304.81,310.69,300.00
7/30/2026,333.43,74817790,333.10,334.75,329.59
7/29/2026,338.19,56090840,339.73,344.57,337.35
7/28/2026,340.08,51859040,340.03,342.89,335.60
7/27/2026,336.91,49604300,334.54,339.57,334.02
7/24/2026,333.02,47489420,321.79,334.37,321.62
7/23/2026,321.66,40840780,321.73,323.30,319.35
7/22/2026,325.89,38755930,327.87,329.00,323.34
7/21/2026,327.74,41338920,323.13,329.60,322.22
7/20/2026,326.59,53468010,333.51,333.71,323.68
7/17/2026,333.74,63407060,331.98,334.99,329.00
7/16/2026,333.26,62970620,328.01,334.68,326.79
7/15/2026,327.50,60957640,317.62,328.73,317.32
7/14/2026,314.86,36336830,313.76,316.19,311.91
7/13/2026,317.31,43257800,317.02,323.45,315.78
7/10/2026,315.32,34132320,314.72,316.91,312.17
7/9/2026,316.22,48124490,310.51,316.53,308.16
7/8/2026,313.39,41323480,311.91,314.82,307.05
7/7/2026,310.66,42490000,315.29,315.48,310.15
7/6/2026,312.66,53589980,307.36,314.20,307.00
7/2/2026,308.63,75400630,294.12,309.42,293.68
7/1/2026,294.38,50164230,293.44,296.59,289.20
6/30/2026,289.36,65100160,281.17,289.94,280.70
6/29/2026,281.74,66427000,286.73,288.37,279.85
6/26/2026,283.78,261775500,275.00,285.95,274.21
6/25/2026,275.15,107253700,287.40,288.80,273.75
6/24/2026,293.08,53081860,295.36,299.70,292.94
6/23/2026,294.30,52010930,297.54,301.64,294.18
6/22/2026,297.01,44879910,297.31,302.42,296.76
6/18/2026,298.01,85962200,298.11,300.57,295.62
6/17/2026,295.95,42745060,300.85,302.07,294.36
6/16/2026,299.24,39874400,295.25,300.48,293.97
6/15/2026,296.42,45732570,294.12,297.78,291.70
6/12/2026,291.13,38784790,296.03,297.14,289.62
6/11/2026,295.63,42572500,293.72,297.00,289.59
6/10/2026,291.58,52793270,290.74,294.75,287.38
6/9/2026,290.55,70108850,300.28,300.75,287.78
6/8/2026,301.54,77949080,308.74,317.40,301.17
6/5/2026,307.34,65310500,312.86,315.17,307.15
6/4/2026,311.23,44869130,313.23,313.54,309.65
6/3/2026,310.26,50836710,314.18,316.94,308.85
6/2/2026,315.20,44534720,307.46,315.45,306.69
6/1/2026,306.31,48849930,309.63,310.94,305.02
5/29/2026,312.06,70026750,311.78,315.00,309.53
5/28/2026,312.51,48220390,310.68,312.80,309.57
5/27/2026,310.85,50430920,308.33,313.26,308.30
5/26/2026,308.33,48000490,309.56,311.82,307.67
5/22/2026,308.82,43670220,306.12,311.40,305.84
5/21/2026,304.99,42965130,301.06,305.54,300.40
5/20/2026,302.25,38229840,298.18,302.80,298.08
5/19/2026,298.97,42243560,296.97,300.51,296.35
5/18/2026,297.84,34482960,300.24,300.66,294.91
5/15/2026,300.23,54862840,297.90,303.20,296.52
5/14/2026,298.21,35324920,299.82,300.45,295.38
5/13/2026,298.87,52684260,293.50,300.92,293.50
5/12/2026,294.80,45748130,292.56,295.27,292.56
5/11/2026,292.68,42247290,291.98,293.88,290.23
5/8/2026,293.32,52692760,290.01,294.76,290.00
5/7/2026,287.44,45224300,289.27,292.13,285.78
5/6/2026,287.51,58336070,281.92,288.03,281.07
5/5/2026,284.18,49311710,276.93,284.57,276.50
5/4/2026,276.83,46668400,279.66,280.63,274.86
5/1/2026,280.14,79915440,278.86,287.22,278.37
4/30/2026,271.35,91848230,270.50,276.00,268.14
4/29/2026,270.17,30047870,267.55,271.04,267.04
4/28/2026,270.71,40018940,272.34,273.23,268.66
4/27/2026,267.61,41466760,266.09,268.36,265.07
4/24/2026,271.06,38157110,272.76,273.06,269.65
4/23/2026,273.43,33399640,275.05,275.77,271.65
4/22/2026,273.17,43249200,267.82,273.74,266.87
4/21/2026,266.17,50209760,271.50,272.80,265.40
4/20/2026,273.05,36590170,270.33,274.28,270.29
4/17/2026,270.23,61436230,266.96,272.30,266.72
4/16/2026,263.40,43323110,266.80,267.16,261.27
4/15/2026,266.43,49913510,258.16,266.56,257.81
4/14/2026,258.83,48370710,259.25,261.93,257.19
4/13/2026,259.20,36234700,259.73,260.18,256.66
4/10/2026,260.48,31291470,259.98,262.19,259.02
4/9/2026,260.49,28121570,259.00,261.12,256.07
4/8/2026,258.90,41032770,258.45,259.75,256.53
4/7/2026,253.50,62148010,256.16,256.20,245.70
4/6/2026,258.86,29329910,256.51,262.16,256.46
4/2/2026,255.92,31289370,254.20,256.13,250.65
4/1/2026,255.63,40059430,254.08,256.18,253.33
3/31/2026,253.79,49598090,247.91,255.48,247.10
3/30/2026,246.63,39446210,250.07,250.87,245.51
3/27/2026,248.80,47900000,253.90,255.49,248.07
3/26/2026,252.89,41796650,252.12,257.00,250.77
3/25/2026,252.62,28476670,254.10,255.00,251.60
3/24/2026,251.64,45152290,250.35,254.83,249.55
3/23/2026,251.49,40546110,253.97,254.60,250.28
3/20/2026,247.99,88331080,247.98,249.20,246.00
3/19/2026,248.96,34864080,249.40,251.83,247.30
3/18/2026,249.94,35757870,252.63,254.94,249.00
3/17/2026,254.23,32361610,252.96,255.13,252.18
3/16/2026,252.82,32074210,252.11,253.89,249.88
3/13/2026,250.12,36929990,255.48,256.33,249.52
3/12/2026,255.76,40794020,258.66,258.95,254.18
3/11/2026,260.81,26218930,261.09,262.13,259.55
3/10/2026,260.83,30590770,257.65,262.48,256.95
3/9/2026,259.88,38218530,255.69,261.15,253.68
3/6/2026,257.46,41120040,258.63,258.77,254.37
3/5/2026,260.29,49658630,260.79,261.56,257.25
3/4/2026,262.52,39803120,264.65,266.15,261.42
3/3/2026,263.75,38568920,263.48,265.56,260.13
3/2/2026,264.72,41827950,262.41,266.53,260.20
2/27/2026,264.18,72366510,272.81,272.81,262.89
2/26/2026,272.95,32345110,274.95,276.11,270.80
2/25/2026,274.23,33714340,271.78,274.94,271.05
2/24/2026,272.14,47014620,267.86,274.89,267.71
2/23/2026,266.18,37308160,263.49,269.43,263.38
2/20/2026,264.58,42070500,258.97,264.75,258.16
2/19/2026,260.58,30845290,262.60,264.48,260.05
2/18/2026,264.35,34203340,263.60,266.82,262.45
2/17/2026,263.88,58469090,258.05,266.29,255.54
2/13/2026,255.78,56290670,262.01,262.23,255.45
2/12/2026,261.73,81077230,275.59,275.72,260.18
2/11/2026,275.50,51931280,274.70,280.18,274.45
2/10/2026,273.68,34376900,274.89,275.37,272.94
2/9/2026,274.62,44623400,277.91,278.20,271.70
2/6/2026,278.12,50453410,277.12,280.91,276.93
2/5/2026,275.91,52977440,278.13,279.50,273.23
2/4/2026,276.49,90545710,272.29,278.95,272.29
2/3/2026,269.48,64394660,269.20,271.88,267.61
2/2/2026,270.01,73913430,260.03,270.49,259.21
1/30/2026,259.48,92443410,255.17,261.90,252.18
1/29/2026,258.28,67253010,258.00,259.65,254.41
1/28/2026,256.44,41287970,257.65,258.86,254.51
1/27/2026,258.27,49648270,259.17,261.95,258.21
1/26/2026,255.41,55969230,251.48,256.56,249.80
1/23/2026,248.04,41688980,247.32,249.41,244.68
1/22/2026,248.35,39708340,249.20,251.00,248.15
1/21/2026,247.65,54641730,248.70,251.56,245.18
1/20/2026,246.70,80267520,252.73,254.79,243.42
1/16/2026,255.53,72142770,257.90,258.90,254.93
1/15/2026,258.21,39388560,260.65,261.04,257.05
1/14/2026,259.96,40019420,259.49,261.82,256.71
1/13/2026,261.05,45730850,258.72,261.81,258.39
1/12/2026,260.25,45263770,259.16,261.30,256.80
1/9/2026,259.37,39996970,259.08,260.21,256.22
1/8/2026,259.04,50419340,257.02,259.29,255.70
1/7/2026,260.33,48309800,263.20,263.68,259.81
1/6/2026,262.36,52352090,267.00,267.55,262.12
1/5/2026,267.26,45647190,270.64,271.51,266.14
1/2/2026,271.01,37838050,272.26,277.84,269.00
12/31/2025,271.86,27293640,273.06,273.68,271.75
12/30/2025,273.08,22139620,272.81,274.08,272.28
12/29/2025,273.76,23715210,272.69,274.36,272.35
12/26/2025,273.40,21521800,274.16,275.37,272.86
12/24/2025,273.81,17910570,272.34,275.43,272.20
12/23/2025,272.36,29642000,270.84,272.50,269.56
12/22/2025,270.97,36571830,272.86,273.88,270.51
12/19/2025,273.67,144632000,272.15,274.60,269.90
12/18/2025,272.19,51630720,273.61,273.63,266.95
12/17/2025,271.84,50138740,275.01,276.16,271.64
12/16/2025,274.61,37648630,272.82,275.50,271.79
12/15/2025,274.11,50409080,280.15,280.15,272.84
12/12/2025,278.28,39532890,277.90,279.22,276.82
12/11/2025,278.03,33247990,279.10,279.59,273.81
12/10/2025,278.78,33038320,277.75,279.75,276.44
12/9/2025,277.18,32193260,278.16,280.03,276.92
12/8/2025,277.89,38211830,278.13,279.67,276.15
12/5/2025,278.78,47265850,280.54,281.14,278.05
12/4/2025,280.70,43989060,284.10,284.73,278.59
12/3/2025,284.15,43538690,286.20,288.62,283.30
12/2/2025,286.19,53669530,283.00,287.40,282.63
12/1/2025,283.10,46587720,278.01,283.42,276.14
11/28/2025,278.85,20135620,277.26,279.00,275.99
11/26/2025,277.55,33431420,276.96,279.53,276.63
11/25/2025,276.97,46914220,275.27,280.38,275.25
11/24/2025,275.92,65585800,270.90,277.00,270.90
11/21/2025,271.49,59030830,265.95,273.33,265.67
11/20/2025,266.25,45823570,270.83,275.43,265.92
11/19/2025,268.56,40424490,265.53,272.21,265.50
11/18/2025,267.44,45677280,269.99,270.71,265.32
11/17/2025,267.46,45018260,268.82,270.49,265.73
11/14/2025,272.41,47431330,271.05,275.96,269.60
11/13/2025,272.95,49602790,274.11,276.70,272.09
11/12/2025,273.47,48397980,275.00,275.73,271.70
11/11/2025,275.25,46208320,269.81,275.91,269.80
11/10/2025,269.43,41312410,268.96,273.73,267.46
11/7/2025,268.47,48227370,269.80,272.29,266.77
11/6/2025,269.77,51204050,267.89,273.40,267.89
11/5/2025,270.14,43683070,268.61,271.70,266.93
11/4/2025,270.04,49274850,268.33,271.49,267.62
11/3/2025,269.05,50194580,270.42,270.85,266.25
10/31/2025,270.37,86167120,276.99,277.32,269.16
10/30/2025,271.40,69886530,271.99,274.14,268.48
10/29/2025,269.70,51086740,269.28,271.41,267.11
10/28/2025,269.00,41534760,268.99,269.89,268.15
10/27/2025,268.81,44888150,264.88,269.12,264.65
10/24/2025,262.82,38253720,261.19,264.13,259.18
10/23/2025,259.58,32754940,259.94,260.62,258.01
10/22/2025,258.45,45015250,262.65,262.85,255.43
10/21/2025,262.77,46695950,261.88,265.29,261.83
10/20/2025,262.24,90483030,255.89,264.38,255.63
10/17/2025,252.29,49146960,248.02,253.38,247.27
10/16/2025,247.45,39776970,248.25,249.04,245.13
10/15/2025,249.34,33893610,249.49,251.82,247.47
10/14/2025,247.77,35477990,246.60,248.85,244.70
10/13/2025,247.66,38142940,249.38,249.69,245.56
10/10/2025,245.27,61999100,254.94,256.38,244.00
10/9/2025,254.04,38322010,257.81,258.00,253.14
10/8/2025,258.06,36496900,256.52,258.52,256.11
10/7/2025,256.48,31955780,256.81,257.40,255.43
10/6/2025,256.69,44664120,257.99,259.07,255.05
10/3/2025,258.02,49155610,254.67,259.24,253.95
10/2/2025,257.13,42630240,256.58,258.18,254.15
10/1/2025,255.45,48713940,255.04,258.79,254.93
9/30/2025,254.63,37704260,254.86,255.92,253.11
9/29/2025,254.43,40127690,254.56,255.00,253.01
9/26/2025,255.46,46076260,254.10,257.60,253.78
9/25/2025,256.87,55202080,253.21,257.17,251.71
9/24/2025,252.31,42303710,255.22,255.74,251.04
9/23/2025,254.43,60275190,255.88,257.34,253.58
9/22/2025,256.08,105517400,248.30,256.64,248.12
9/19/2025,245.50,163741300,241.23,246.30,240.21
9/18/2025,237.88,44249580,239.97,241.20,236.65
9/17/2025,238.99,46508020,238.97,240.10,237.73
9/16/2025,238.15,63421100,237.18,241.22,236.32
9/15/2025,236.70,42699520,237.00,238.19,235.03
9/12/2025,234.07,55824220,229.22,234.51,229.02
9/11/2025,230.03,50208580,226.88,230.45,226.65
9/10/2025,226.79,83440810,232.19,232.42,225.95
